
/*!40101 SET @OLD_CHARACTER_SET_CLIENT=@@CHARACTER_SET_CLIENT */;
/*!40101 SET @OLD_CHARACTER_SET_RESULTS=@@CHARACTER_SET_RESULTS */;
/*!40101 SET @OLD_COLLATION_CONNECTION=@@COLLATION_CONNECTION */;
/*!50503 SET NAMES utf8mb4 */;
/*!40103 SET @OLD_TIME_ZONE=@@TIME_ZONE */;
/*!40103 SET TIME_ZONE='+00:00' */;
/*!40014 SET @OLD_UNIQUE_CHECKS=@@UNIQUE_CHECKS, UNIQUE_CHECKS=0 */;
/*!40014 SET @OLD_FOREIGN_KEY_CHECKS=@@FOREIGN_KEY_CHECKS, FOREIGN_KEY_CHECKS=0 */;
/*!40101 SET @OLD_SQL_MODE=@@SQL_MODE, SQL_MODE='NO_AUTO_VALUE_ON_ZERO' */;
/*!40111 SET @OLD_SQL_NOTES=@@SQL_NOTES, SQL_NOTES=0 */;

INSERT INTO `applications` (`id`, `student_id`, `company_id`, `status`, `applied_at`, `notes`) VALUES (1,1,4,'Applied','2026-04-14 20:55:04',NULL),(2049,262,136,'Offered','2026-04-14 21:06:14','Campus drive 2026 - Accenture'),(2050,258,136,'Offered','2026-04-14 21:06:14','Campus drive 2026 - Accenture'),(2051,265,143,'Applied','2026-04-14 21:06:14','Campus drive 2026 - Adobe'),(2052,260,143,'Rejected','2026-04-14 21:06:14','Campus drive 2026 - Adobe'),(2053,264,3,'Rejected','2026-04-14 21:06:14','Campus drive 2026 - Amazon'),(2054,260,3,'Rejected','2026-04-14 21:06:14','Campus drive 2026 - Amazon'),(2055,265,139,'Applied','2026-04-14 21:06:14','Campus drive 2026 - Capgemini'),(2056,261,139,'Applied','2026-04-14 21:06:14','Campus drive 2026 - Capgemini'),(2057,264,138,'Offered','2026-04-14 21:06:14','Campus drive 2026 - Cognizant'),(2058,260,138,'Offered','2026-04-14 21:06:14','Campus drive 2026 - Cognizant'),(2059,263,6,'Interview','2026-04-14 21:06:14','Campus drive 2026 - Deloitte'),(2060,258,6,'Applied','2026-04-14 21:06:14','Campus drive 2026 - Deloitte'),(2061,265,148,'Interview','2026-04-14 21:06:14','Campus drive 2026 - Flipkart'),(2062,261,148,'Interview','2026-04-14 21:06:14','Campus drive 2026 - Flipkart'),(2063,262,1,'Rejected','2026-04-14 21:06:14','Campus drive 2026 - Google'),(2064,258,1,'Rejected','2026-04-14 21:06:14','Campus drive 2026 - Google'),(2065,266,140,'Offered','2026-04-14 21:06:14','Campus drive 2026 - HCLTech'),(2066,262,140,'Offered','2026-04-14 21:06:14','Campus drive 2026 - HCLTech'),(2067,257,140,'Interview','2026-04-14 21:06:14','Campus drive 2026 - HCLTech'),(2068,263,141,'Applied','2026-04-14 21:06:14','Campus drive 2026 - IBM'),(2069,258,141,'Rejected','2026-04-14 21:06:14','Campus drive 2026 - IBM'),(2070,265,4,'Interview','2026-04-14 21:06:14','Campus drive 2026 - Infosys'),(2071,261,4,'Interview','2026-04-14 21:06:14','Campus drive 2026 - Infosys'),(2072,263,2,'Interview','2026-04-14 21:06:14','Campus drive 2026 - Microsoft'),(2073,259,2,'Interview','2026-04-14 21:06:14','Campus drive 2026 - Microsoft'),(2074,264,142,'Offered','2026-04-14 21:06:14','Campus drive 2026 - Oracle'),(2075,259,142,'Interview','2026-04-14 21:06:14','Campus drive 2026 - Oracle'),(2076,264,147,'Rejected','2026-04-14 21:06:14','Campus drive 2026 - Paytm'),(2077,260,147,'Rejected','2026-04-14 21:06:14','Campus drive 2026 - Paytm'),(2078,266,149,'Rejected','2026-04-14 21:06:14','Campus drive 2026 - PhonePe'),(2079,262,149,'Rejected','2026-04-14 21:06:14','Campus drive 2026 - PhonePe'),(2080,257,149,'Offered','2026-04-14 21:06:14','Campus drive 2026 - PhonePe'),(2081,266,144,'Offered','2026-04-14 21:06:14','Campus drive 2026 - Salesforce'),(2082,261,144,'Interview','2026-04-14 21:06:14','Campus drive 2026 - Salesforce'),(2083,257,144,'Interview','2026-04-14 21:06:14','Campus drive 2026 - Salesforce'),(2084,262,145,'Rejected','2026-04-14 21:06:14','Campus drive 2026 - SAP'),(2085,258,145,'Rejected','2026-04-14 21:06:14','Campus drive 2026 - SAP'),(2086,266,5,'Rejected','2026-04-14 21:06:14','Campus drive 2026 - TCS'),(2087,262,5,'Rejected','2026-04-14 21:06:14','Campus drive 2026 - TCS'),(2088,257,5,'Offered','2026-04-14 21:06:14','Campus drive 2026 - TCS'),(2089,263,137,'Applied','2026-04-14 21:06:14','Campus drive 2026 - Wipro'),(2090,259,137,'Applied','2026-04-14 21:06:14','Campus drive 2026 - Wipro'),(2091,263,146,'Interview','2026-04-14 21:06:14','Campus drive 2026 - Zoho'),(2092,259,146,'Interview','2026-04-14 21:06:14','Campus drive 2026 - Zoho'),(2093,1,1,'Offered','2026-04-15 02:50:53',NULL);

INSERT INTO `companies` (`id`, `name`, `description`) VALUES (1,'Google','Product engineering and software development'),(2,'Microsoft','Enterprise software and cloud engineering'),(3,'Amazon','Cloud, backend, and large-scale systems'),(4,'Infosys','IT services and consulting'),(5,'TCS','Enterprise software delivery'),(6,'Deloitte','Consulting and technology solutions'),(55,'Facebook','Meta\'s  company for socialization'),(136,'Accenture','Global consulting and digital transformation'),(137,'Wipro','Technology services and digital operations'),(138,'Cognizant','IT services and engineering solutions'),(139,'Capgemini','Consulting, cloud, and data services'),(140,'HCLTech','Engineering and digital modernization services'),(141,'IBM','Cloud, AI, and enterprise software'),(142,'Oracle','Database and enterprise platform solutions'),(143,'Adobe','Digital media and experience products'),(144,'Salesforce','CRM and cloud-based business applications'),(145,'SAP','Enterprise resource planning software'),(146,'Zoho','SaaS business productivity applications'),(147,'Paytm','Fintech payments and commerce platform'),(148,'Flipkart','E-commerce and marketplace technology'),(149,'PhonePe','Digital payments and financial services');

INSERT INTO `company_skills` (`id`, `company_id`, `skill_id`, `required_level`) VALUES (1,1,1,4),(2,1,4,4),(3,1,3,4),(4,1,5,2),(5,1,6,4),(6,2,1,4),(7,2,2,3),(8,2,3,4),(9,2,5,2),(10,2,7,3),(11,3,1,4),(12,3,4,4),(13,3,2,3),(14,3,6,5),(15,4,1,3),(16,4,2,2),(17,4,7,3),(18,4,5,1),(19,5,1,3),(20,5,3,3),(21,5,7,3),(22,5,2,2),(23,6,2,3),(24,6,7,4),(25,6,6,4),(26,6,12,3),(235,5,127,2),(236,55,127,3),(253,3,5,4),(254,1,8,5),(264,6,10,2),(269,55,3,4),(278,4,13,3),(849,4,127,2),(1260,137,252,4),(1261,5,252,4),(1262,144,252,2),(1263,149,252,4),(1264,6,252,2),(1265,138,252,2),(1266,143,252,4),(1267,146,7,2),(1268,145,7,4),(1269,140,7,2),(1270,1,7,4),(1271,139,7,4),(1272,137,255,4),(1273,5,255,4),(1274,144,255,2),(1275,149,255,4),(1276,6,255,2),(1277,138,255,2),(1278,143,255,4),(1279,137,249,4),(1280,5,249,4),(1281,144,249,2),(1282,149,249,4),(1283,6,249,2),(1284,138,249,2),(1285,143,249,4),(1286,146,4,2),(1287,145,4,4),(1288,2,4,2),(1289,140,4,2),(1290,139,4,4),(1291,147,5,4),(1292,142,5,2),(1293,141,5,4),(1294,148,5,2),(1295,136,5,2),(1296,146,1,2),(1297,145,1,4),(1298,140,1,2),(1299,139,1,4),(1300,146,10,2),(1301,145,10,4),(1302,2,10,2),(1303,140,10,2),(1304,1,10,4),(1305,139,10,4),(1306,147,254,4),(1307,142,254,2),(1308,4,254,2),(1309,141,254,4),(1310,148,254,2),(1311,3,254,4),(1312,136,254,2),(1313,147,251,4),(1314,142,251,2),(1315,4,251,2),(1316,141,251,4),(1317,148,251,2),(1318,3,251,4),(1319,136,251,2),(1320,147,248,4),(1321,142,248,2),(1322,4,248,2),(1323,141,248,4),(1324,148,248,2),(1325,3,248,4),(1326,136,248,2),(1327,137,3,4),(1328,144,3,2),(1329,149,3,4),(1330,6,3,2),(1331,138,3,2),(1332,143,3,4),(1333,137,6,4),(1334,5,6,4),(1335,144,6,2),(1336,149,6,4),(1337,138,6,2),(1338,143,6,4),(1339,146,13,2),(1340,145,13,4),(1341,2,13,2),(1342,140,13,2),(1343,1,13,4),(1344,139,13,4),(1345,147,14,4),(1346,142,14,2),(1347,4,14,2),(1348,141,14,4),(1349,148,14,2),(1350,3,14,4),(1351,136,14,2),(1352,146,250,2),(1353,145,250,4),(1354,2,250,2),(1355,140,250,2),(1356,1,250,4),(1357,139,250,4),(1358,147,11,4),(1359,142,11,2),(1360,4,11,2),(1361,141,11,4),(1362,148,11,2),(1363,3,11,4),(1364,136,11,2),(1365,147,2,4),(1366,142,2,2),(1367,141,2,4),(1368,148,2,2),(1369,136,2,2),(1370,146,253,2),(1371,145,253,4),(1372,2,253,2),(1373,140,253,2),(1374,1,253,4),(1375,139,253,4),(1376,137,12,4),(1377,5,12,4),(1378,144,12,2),(1379,149,12,4),(1380,138,12,2),(1381,143,12,4);

INSERT INTO `skills` (`id`, `name`) VALUES (1,'Java'),(2,'SQL'),(3,'OOP'),(4,'DSA'),(5,'Git'),(6,'Problem Solving'),(7,'Communication'),(8,'HTML'),(9,'CSS'),(10,'JavaScript'),(11,'Spring Boot'),(12,'Testing'),(13,'Python'),(14,'React'),(127,'Typescript'),(248,'Node.js'),(249,'Docker'),(250,'REST APIs'),(251,'Microservices'),(252,'AWS'),(253,'System Design'),(254,'Linux'),(255,'Data Structures');

INSERT INTO `student_skills` (`student_id`, `skill_id`, `proficiency`) VALUES (1,1,3),(1,13,5),(257,2,4),(257,4,3),(257,7,3),(257,12,5),(257,14,4),(257,249,5),(257,252,5),(258,3,3),(258,5,5),(258,10,4),(258,13,4),(258,248,5),(258,250,4),(259,1,5),(259,4,5),(259,6,4),(259,11,3),(259,14,3),(259,249,4),(260,2,4),(260,5,4),(260,7,3),(260,10,3),(260,12,5),(260,250,3),(260,252,5),(261,1,4),(261,3,3),(261,6,3),(261,11,5),(261,13,4),(261,248,5),(262,2,3),(262,4,5),(262,7,5),(262,12,4),(262,14,3),(262,249,4),(262,252,4),(263,3,5),(263,5,4),(263,10,3),(263,13,3),(263,248,4),(263,250,3),(264,1,4),(264,4,4),(264,6,3),(264,11,5),(264,14,5),(264,249,3),(265,2,3),(265,5,3),(265,7,5),(265,10,5),(265,12,4),(265,250,5),(265,252,4),(266,1,3),(266,3,5),(266,6,5),(266,11,4),(266,13,3),(266,248,4);

INSERT INTO `students` (`id`, `user_id`, `full_name`, `email`, `phone`, `track_type`, `track_stage`, `target_role`) VALUES (1,6,'Arnav Dandawate','arnavdandawate18@gmail.com','8530321091','Internship','Looking For','Software Engineer'),(257,231,'Aisha Khan','aisha.khan@college.edu','9810011001','Internship','Looking For','Software Engineer'),(258,232,'Rohan Mehta','rohan.mehta@college.edu','9810011002','Job','Upcoming','Backend Developer'),(259,233,'Neha Sharma','neha.sharma@college.edu','9810011003','Internship','Ongoing','Data Analyst'),(260,234,'Arjun Patel','arjun.patel@college.edu','9810011004','Job','Looking For','Software Engineer'),(261,235,'Isha Gupta','isha.gupta@college.edu','9810011005','Internship','Upcoming','Frontend Developer'),(262,236,'Rahul Verma','rahul.verma@college.edu','9810011006','Job','Ongoing','DevOps Engineer'),(263,237,'Kavya Iyer','kavya.iyer@college.edu','9810011007','Internship','Looking For','QA Engineer'),(264,238,'Siddharth Rao','siddharth.rao@college.edu','9810011008','Job','Upcoming','Platform Engineer'),(265,239,'Priya Nair','priya.nair@college.edu','9810011009','Internship','Ongoing','Product Engineer'),(266,240,'Aditya Singh','aditya.singh@college.edu','9810011010','Job','Looking For','Full Stack Developer');

INSERT INTO `users` (`id`, `username`, `password`, `role`) VALUES (1,'admin','admin123','ADMIN'),(6,'Arnav Dandawate','hello','STUDENT'),(231,'aisha.khan','pass123','STUDENT'),(232,'rohan.mehta','pass123','STUDENT'),(233,'neha.sharma','pass123','STUDENT'),(234,'arjun.patel','pass123','STUDENT'),(235,'isha.gupta','pass123','STUDENT'),(236,'rahul.verma','pass123','STUDENT'),(237,'kavya.iyer','pass123','STUDENT'),(238,'siddharth.rao','pass123','STUDENT'),(239,'priya.nair','pass123','STUDENT'),(240,'aditya.singh','pass123','STUDENT');
/*!40103 SET TIME_ZONE=@OLD_TIME_ZONE */;

/*!40101 SET SQL_MODE=@OLD_SQL_MODE */;
/*!40014 SET FOREIGN_KEY_CHECKS=@OLD_FOREIGN_KEY_CHECKS */;
/*!40014 SET UNIQUE_CHECKS=@OLD_UNIQUE_CHECKS */;
/*!40101 SET CHARACTER_SET_CLIENT=@OLD_CHARACTER_SET_CLIENT */;
/*!40101 SET CHARACTER_SET_RESULTS=@OLD_CHARACTER_SET_RESULTS */;
/*!40101 SET COLLATION_CONNECTION=@OLD_COLLATION_CONNECTION */;
/*!40111 SET SQL_NOTES=@OLD_SQL_NOTES */;

